ID_TURMA,ID_TURMA,TX_HR_INICIAL,NU_DURACAO_TURMA,QT_MATRICULAS,TP_ETAPA_ENSINO,NU_DIAS_ATIVIDADE,CO_ENTIDADE,AGE_AVG,AGE_STD
12222238,12222238,13.0,240.0,25,39.0,5.0,31364355,25.2,8.958236433584458
12223016,12223016,13.0,240.0,22,68.0,5.0,31364355,16.772727272727273,0.812510406193767
12223051,12223051,13.0,240.0,19,68.0,5.0,31364355,17.0,0.8164965809277261
12223078,12223078,13.0,240.0,24,39.0,5.0,31364355,25.458333333333332,8.592105409171774
12223120,12223120,8.0,240.0,36,39.0,5.0,31364355,29.47222222222222,9.391443251662993
12403893,12403893,13.0,255.0,21,2.0,5.0,31217751,4.904761904761905,0.3007926037591192
12133420,12133420,13.0,255.0,18,14.0,5.0,31316245,5.888888888888889,0.3233808333817773
12134105,12134105,13.0,255.0,17,14.0,5.0,31316245,6.0,0.35355339059327373
12134360,12134360,13.0,255.0,20,15.0,5.0,31316245,6.9,0.4472135954999579
12541273,12541273,13.0,270.0,15,14.0,5.0,31310573,5.933333333333334,0.25819888974716115
12541734,12541734,13.0,270.0,14,16.0,5.0,31310573,8.0,0.3922322702763681
12541788,12541788,13.0,270.0,24,16.0,5.0,31310573,9.208333333333334,0.5882299658752715
12542203,12542203,13.0,270.0,10,14.0,5.0,31310573,5.9,0.5676462121975466
12542230,12542230,13.0,270.0,26,15.0,5.0,31310573,6.884615384615385,0.4314554973040049
12542310,12542310,13.0,270.0,17,16.0,5.0,31310573,8.117647058823529,0.4850712500726659
12135013,12135013,13.0,255.0,20,15.0,5.0,31316245,7.05,0.5104177855340405
12135140,12135140,13.0,255.0,16,15.0,5.0,31316245,6.9375,0.4425306015783918
12135175,12135175,13.0,255.0,24,16.0,5.0,31316245,8.125,0.33783196234608814
12135314,12135314,13.0,255.0,23,16.0,5.0,31316245,8.130434782608695,0.6944158975248031
12144950,12144950,13.0,255.0,28,17.0,5.0,31316245,9.142857142857142,0.803431792688493
12145129,12145129,13.0,255.0,29,17.0,5.0,31316245,9.448275862068966,1.0551305571401284
12145546,12145546,7.0,255.0,23,18.0,5.0,31316245,10.478260869565217,0.9472239447886797
12145904,12145904,7.0,255.0,15,18.0,5.0,31316245,10.2,0.5606119105813882
12146034,12146034,7.0,255.0,23,18.0,5.0,31316245,10.521739130434783,0.7902568752334618
12147342,12147342,7.0,265.0,28,19.0,5.0,31316245,12.25,3.1224989991991987
12147379,12147379,7.0,265.0,29,19.0,5.0,31316245,11.827586206896552,1.037475146595308
12147461,12147461,7.0,265.0,28,20.0,5.0,31316245,12.678571428571429,1.2187902754164621
12147583,12147583,7.0,265.0,27,20.0,5.0,31316245,12.481481481481481,0.7000203497245561
12147739,12147739,7.0,265.0,26,21.0,5.0,31316245,13.76923076923077,0.9080833577460742
12147777,12147777,7.0,265.0,27,21.0,5.0,31316245,13.74074074074074,1.0594843663344553
12147806,12147806,7.0,265.0,30,41.0,5.0,31316245,14.466666666666667,1.4558640835892125
893264,893264,13.0,255.0,5,2.0,5.0,31205249,4.0,0.0
14228116,14228116,7.0,600.0,20,1.0,5.0,31203092,1.95,0.22360679774997894
12129955,12129955,13.0,255.0,10,1.0,5.0,31261785,2.7,0.4830458915396479
12061161,12061161,13.0,270.0,14,1.0,5.0,31328294,2.7857142857142856,0.42581531362632
12131594,12131594,13.0,240.0,18,2.0,5.0,31316245,3.8333333333333335,0.3834824944236852
12139430,12139430,7.0,600.0,17,1.0,5.0,31288128,2.9411764705882355,0.24253562503633294
12500414,12500414,7.0,600.0,20,1.0,5.0,31360333,3.0,0.0
12079194,12079194,13.0,255.0,18,2.0,5.0,31202983,4.777777777777778,0.4277926319464987
6204814,6204814,13.0,255.0,16,1.0,5.0,31205265,3.375,0.5
12665891,12665891,13.0,255.0,24,2.0,5.0,31261009,5.0,0.0
14228114,14228114,7.0,600.0,21,1.0,5.0,31203092,1.9523809523809523,0.21821789023599247
5969234,5969234,13.0,255.0,17,1.0,5.0,31205265,3.0,0.0
14219428,14219428,13.0,240.0,18,2.0,5.0,31203092,3.7777777777777777,0.4277926319464986
13068770,13068770,7.0,600.0,18,1.0,5.0,31352055,2.9444444444444446,0.23570226039551584
12838434,12838434,13.0,255.0,25,2.0,5.0,31261009,4.88,0.33166247903554014
9405188,9405188,7.0,600.0,21,1.0,5.0,31288110,3.0,0.3162277660168379
9253396,9253396,7.0,615.0,6,1.0,5.0,31242471,0.3333333333333333,0.5163977794943222
14228117,14228117,7.0,600.0,20,1.0,5.0,31203092,2.9,0.3077935056255463
1738691,1738691,13.0,255.0,18,1.0,5.0,31205231,3.111111111111111,0.32338083338177737
12060875,12060875,13.0,270.0,12,1.0,5.0,31328294,3.0,0.0
14228123,14228123,7.0,600.0,18,1.0,5.0,31203092,3.0,0.0
13022748,13022748,7.0,600.0,18,1.0,5.0,31288144,1.0,0.0
1739513,1739513,13.0,255.0,18,2.0,5.0,31205231,4.0,0.0
12060970,12060970,13.0,270.0,17,2.0,5.0,31328294,4.882352941176471,0.33210558207753565
8839630,8839630,13.0,240.0,19,2.0,5.0,31203017,3.789473684210526,0.41885390829169544
11992884,11992884,7.0,600.0,18,1.0,5.0,31347922,2.9444444444444446,0.2357022603955158
12113691,12113691,13.0,255.0,20,2.0,5.0,31261009,3.9,0.3077935056255464
11994029,11994029,7.0,600.0,22,1.0,5.0,31347922,1.8181818181818181,0.39477101697586137
12659743,12659743,7.0,600.0,17,1.0,5.0,31369047,2.0,0.0
12404662,12404662,13.0,255.0,21,2.0,5.0,31217751,5.0,0.0
9210286,9210286,13.0,270.0,18,2.0,5.0,31354848,5.0,0.0
12539586,12539586,13.0,240.0,18,2.0,5.0,31310573,5.111111111111111,0.7583952786593613
11891322,11891322,7.0,600.0,20,1.0,5.0,31347949,2.05,0.22360679774997894
12404641,12404641,13.0,255.0,20,2.0,5.0,31217751,4.85,0.36634754853252327
13014129,13014129,7.0,600.0,16,1.0,5.0,31360325,1.0,0.0
14218415,14218415,13.0,240.0,19,2.0,5.0,31203092,3.8947368421052633,0.31530176764230583
12342455,12342455,7.0,600.0,20,1.0,5.0,31362476,2.85,0.36634754853252327
14219514,14219514,7.0,240.0,17,2.0,5.0,31203092,4.9411764705882355,0.24253562503633294
12138594,12138594,7.0,600.0,16,1.0,5.0,31288128,1.0625,0.25
12342424,12342424,7.0,600.0,20,1.0,5.0,31362476,2.05,0.22360679774997894
12061088,12061088,13.0,270.0,9,1.0,5.0,31328294,2.0,0.5
11957296,11957296,13.0,255.0,21,2.0,5.0,31326054,3.9047619047619047,0.30079260375911915
12131061,12131061,13.0,255.0,12,2.0,5.0,31261785,4.833333333333333,0.38924947208076144
11891183,11891183,7.0,600.0,10,1.0,5.0,31347949,0.5,0.5270462766947299
9058186,9058186,13.0,255.0,18,2.0,5.0,31244279,4.888888888888889,0.3233808333817776
11957290,11957290,13.0,240.0,7,1.0,5.0,31210609,2.7142857142857144,0.48795003647426655
9405181,9405181,7.0,600.0,16,1.0,5.0,31288110,1.75,0.447213595499958
14218462,14218462,7.0,240.0,16,2.0,5.0,31203092,5.0,0.0
12501887,12501887,7.0,600.0,19,1.0,5.0,31360333,1.0,0.0
9254522,9254522,13.0,255.0,24,1.0,5.0,31242471,1.9166666666666667,0.28232985128663995
13020250,13020250,7.0,600.0,19,1.0,5.0,31288144,2.8421052631578947,0.3746343246326776
12153206,12153206,13.0,240.0,18,2.0,5.0,31288144,5.0,0.0
13022735,13022735,7.0,600.0,13,1.0,5.0,31288144,0.6923076923076923,0.48038446141526137
9053990,9053990,7.0,255.0,18,2.0,5.0,31244279,3.8333333333333335,0.3834824944236852
12009366,12009366,13.0,240.0,19,2.0,5.0,31202878,5.0,0.0
12539549,12539549,13.0,240.0,14,2.0,5.0,31310573,3.9285714285714284,0.26726124191242434
12345145,12345145,7.0,600.0,23,1.0,5.0,31348449,1.9565217391304348,0.20851441405707477
13020281,13020281,13.0,240.0,22,2.0,5.0,31288144,3.909090909090909,0.29424494316824984
9405186,9405186,7.0,600.0,21,1.0,5.0,31288110,2.857142857142857,0.35856858280031806
3456314,3456314,13.0,255.0,12,1.0,5.0,31205231,2.1666666666666665,0.3892494720807615
12060916,12060916,13.0,270.0,17,2.0,5.0,31328294,3.823529411764706,0.3929526239966879
13068638,13068638,7.0,600.0,14,1.0,5.0,31352055,1.9285714285714286,0.26726124191242445
12294661,12294661,13.0,255.0,20,2.0,5.0,31261009,3.9,0.3077935056255464
11990192,11990192,13.0,255.0,21,2.0,5.0,31266965,4.9523809523809526,0.21821789023599242
11890788,11890788,7.0,600.0,20,1.0,5.0,31347949,2.85,0.36634754853252327
13014170,13014170,7.0,600.0,16,1.0,5.0,31360325,1.9375,0.25
11942190,11942190,7.0,255.0,19,2.0,5.0,31202983,3.6842105263157894,0.47756693294091923
12149924,12149924,7.0,240.0,13,2.0,5.0,31288144,4.846153846153846,0.37553380809940573
12460722,12460722,13.0,255.0,24,2.0,5.0,31203076,4.916666666666667,0.2823298512866399
13064320,13064320,7.0,600.0,8,1.0,5.0,31352055,0.875,0.3535533905932738
12500805,12500805,7.0,600.0,17,1.0,5.0,31360333,2.0,0.0
11989958,11989958,13.0,255.0,20,2.0,5.0,31266965,4.0,0.0
11990161,11990161,13.0,255.0,19,2.0,5.0,31266965,3.8421052631578947,0.37463432463267765
11993819,11993819,7.0,600.0,4,1.0,5.0,31347922,0.5,0.5773502691896257
5975481,5975481,13.0,255.0,18,2.0,5.0,31205265,5.055555555555555,0.23570226039551587
12501717,12501717,7.0,600.0,18,1.0,5.0,31360333,1.8333333333333333,0.3834824944236852
12062092,12062092,13.0,255.0,19,2.0,5.0,31202983,4.0,0.0
12139472,12139472,7.0,600.0,17,1.0,5.0,31288128,2.9411764705882355,0.24253562503633305
12009050,12009050,13.0,240.0,21,2.0,5.0,31202878,3.9047619047619047,0.30079260375911915
13020187,13020187,7.0,600.0,10,1.0,5.0,31288144,0.3,0.4830458915396479
12131572,12131572,13.0,240.0,19,2.0,5.0,31316245,3.8947368421052633,0.3153017676423058
12885507,12885507,13.0,255.0,22,2.0,5.0,31261009,4.954545454545454,0.21320071635561036
11989975,11989975,13.0,255.0,20,2.0,5.0,31266965,3.85,0.3663475485325233
13020240,13020240,7.0,600.0,23,1.0,5.0,31288144,2.8260869565217392,0.38755338788158994
11993117,11993117,13.0,255.0,23,2.0,5.0,31244279,3.9565217391304346,0.20851441405707472
12131524,12131524,7.0,240.0,20,2.0,5.0,31316245,3.9,0.3077935056255463
11881180,11881180,7.0,240.0,15,2.0,5.0,31251933,4.933333333333334,0.25819888974716104
14228119,14228119,7.0,600.0,18,1.0,5.0,31203092,2.888888888888889,0.32338083338177726
87634,87634,13.0,255.0,13,1.0,5.0,31205265,2.0,0.0
12129883,12129883,13.0,255.0,15,1.0,5.0,31261785,1.8,0.4140393356054125
9066600,9066600,7.0,265.0,25,21.0,5.0,31244279,13.2,0.8164965809277263
9069200,9069200,7.0,265.0,27,21.0,5.0,31244279,13.703703703703704,1.137298242963249
9055864,9055864,13.0,255.0,20,14.0,5.0,31244279,6.0,0.0
9056559,9056559,13.0,255.0,24,14.0,5.0,31244279,5.916666666666667,0.2823298512866401
9057007,9057007,13.0,255.0,24,16.0,5.0,31244279,8.041666666666666,0.3586407511783861
9057050,9057050,13.0,255.0,25,16.0,5.0,31244279,8.0,0.40824829046386296
9057714,9057714,13.0,255.0,25,15.0,5.0,31244279,6.92,0.2768874620972691
9057872,9057872,13.0,255.0,25,16.0,5.0,31244279,7.96,0.35118845842842455
9059544,9059544,13.0,255.0,24,15.0,5.0,31244279,6.958333333333333,0.3586407511783862
9060097,9060097,13.0,255.0,21,14.0,5.0,31244279,6.0,0.0
9060215,9060215,13.0,255.0,25,15.0,5.0,31244279,6.92,0.2768874620972693
9060621,9060621,13.0,255.0,26,17.0,5.0,31244279,9.192307692307692,0.49146562599887056
9062437,9062437,13.0,255.0,27,17.0,5.0,31244279,9.11111111111111,0.6979824404521128
9062934,9062934,7.0,255.0,25,18.0,5.0,31244279,10.28,0.8426149773176359
9064047,9064047,7.0,265.0,37,20.0,5.0,31244279,12.594594594594595,1.0126823418651705
9064085,9064085,13.0,255.0,24,17.0,5.0,31244279,8.875,0.5366968215490656
9064446,9064446,7.0,255.0,26,18.0,5.0,31244279,10.5,1.0295630140987004
9064531,9064531,7.0,265.0,29,19.0,5.0,31244279,11.724137931034482,0.9218208581830207
9065523,9065523,7.0,255.0,26,18.0,5.0,31244279,10.384615384615385,0.7524319545007683
9066352,9066352,7.0,265.0,30,19.0,5.0,31244279,11.466666666666667,0.6814453874610598
9067806,9067806,7.0,265.0,21,41.0,5.0,31244279,14.19047619047619,0.6015852075182384
9068548,9068548,7.0,265.0,21,41.0,5.0,31244279,14.285714285714286,1.0071175275436897
12858018,12858018,13.0,255.0,22,14.0,5.0,31217743,5.909090909090909,0.4264014327112209
12858019,12858019,13.0,255.0,25,15.0,5.0,31217743,7.0,0.0
12858020,12858020,13.0,255.0,26,16.0,5.0,31217743,8.0,0.28284271247461895
12858021,12858021,13.0,255.0,29,17.0,5.0,31217743,9.03448275862069,0.4987669525002673
12858022,12858022,13.0,255.0,30,18.0,5.0,31217743,10.233333333333333,0.504006932993731
12858023,12858023,13.0,265.0,25,19.0,5.0,31217743,11.28,0.678232998312527
12858024,12858024,13.0,265.0,28,19.0,5.0,31217743,11.214285714285714,0.4986754943620638
12858025,12858025,13.0,265.0,32,20.0,5.0,31217743,12.71875,1.023415376207561
12858026,12858026,13.0,265.0,27,20.0,5.0,31217743,12.481481481481481,0.9754829324836758
12858027,12858027,13.0,265.0,29,20.0,5.0,31217743,12.275862068965518,0.6489855668732954
12858028,12858028,13.0,265.0,32,21.0,5.0,31217743,13.15625,0.7233156184342817
12858029,12858029,13.0,265.0,31,21.0,5.0,31217743,13.258064516129032,0.7732072570569883
11957600,11957600,13.0,240.0,8,14.0,5.0,31210609,5.875,0.35355339059327373
11956975,11956975,13.0,255.0,5,17.0,5.0,31210609,9.4,0.5477225575051662
11957069,11957069,7.0,270.0,7,19.0,5.0,31210609,11.714285714285714,0.7559289460184546
11957647,11957647,13.0,255.0,7,15.0,5.0,31210609,6.857142857142857,0.37796447300922725
11957713,11957713,13.0,255.0,2,16.0,5.0,31210609,9.0,2.8284271247461903
11957817,11957817,13.0,255.0,8,18.0,5.0,31210609,10.125,0.6408699444616557
11957965,11957965,7.0,270.0,6,20.0,5.0,31210609,12.166666666666666,0.7527726527090811
11958036,11958036,7.0,270.0,5,21.0,5.0,31210609,12.8,0.44721359549995804
11959156,11959156,7.0,270.0,5,41.0,5.0,31210609,14.6,0.8944271909999157
11959212,11959212,7.0,270.0,7,25.0,5.0,31210609,15.142857142857142,0.6900655593423546
11959280,11959280,7.0,270.0,4,26.0,5.0,31210609,17.25,0.49999999999999967
1932304,1932304,13.0,255.0,23,15.0,5.0,31203068,6.869565217391305,0.344350221575091
1932308,1932308,7.0,255.0,21,17.0,5.0,31203068,9.714285714285714,1.270545439677666
13212024,13212024,13.0,265.0,19,20.0,5.0,31202967,12.526315789473685,0.6117752903214979
13212025,13212025,18.0,265.0,32,38.0,5.0,31202967,31.53125,9.397955766050677
13212026,13212026,13.0,265.0,23,23.0,5.0,31202967,14.391304347826088,0.8387832331734847
13212027,13212027,13.0,265.0,24,23.0,5.0,31202967,15.458333333333334,0.9770927002733856
13212555,13212555,13.0,270.0,27,19.0,5.0,31202967,11.814814814814815,1.0391208205844398
13212556,13212556,13.0,270.0,24,19.0,5.0,31202967,11.416666666666666,0.8297022339981073
13212557,13212557,13.0,270.0,22,20.0,5.0,31202967,12.681818181818182,0.9454836825347087
13212558,13212558,7.0,270.0,35,25.0,5.0,31202967,15.742857142857142,1.1966339344633528
13212559,13212559,7.0,270.0,34,26.0,5.0,31202967,16.941176470588236,1.0427578954486503
13212560,13212560,7.0,270.0,40,27.0,5.0,31202967,17.225,0.5304811555656396
13212561,13212561,13.0,265.0,14,21.0,5.0,31202967,13.5,0.5188745216627706
13212562,13212562,18.0,265.0,39,38.0,5.0,31202967,30.846153846153847,12.044956274720095
13212563,13212563,18.0,265.0,38,38.0,5.0,31202967,29.92105263157895,8.802277281959844
12851351,12851351,13.0,265.0,18,19.0,5.0,31202975,12.722222222222221,1.4061024795535124
12851352,12851352,13.0,265.0,22,20.0,5.0,31202975,13.681818181818182,1.0861186305619104
12851353,12851353,13.0,265.0,22,21.0,5.0,31202975,13.863636363636363,0.8888437939499213
12851354,12851354,13.0,265.0,21,41.0,5.0,31202975,14.952380952380953,0.9734572654303052
12851355,12851355,7.0,570.0,35,30.0,5.0,31202975,15.514285714285714,0.9194444797052757
12851356,12851356,7.0,570.0,28,25.0,5.0,31202975,15.75,1.3228756555322951
12851357,12851357,7.0,265.0,32,25.0,5.0,31202975,15.875,1.3619246343602935
12851358,12851358,7.0,265.0,32,25.0,5.0,31202975,15.84375,0.9873187869663842
12851360,12851360,7.0,570.0,18,26.0,5.0,31202975,16.333333333333332,0.5940885257860045
12851361,12851361,7.0,265.0,44,26.0,5.0,31202975,16.59090909090909,1.0414252715363228
12851362,12851362,7.0,265.0,43,26.0,5.0,31202975,17.162790697674417,1.5107587585640778
12851363,12851363,7.0,570.0,13,27.0,5.0,31202975,17.846153846153847,2.7942248133771033
12851364,12851364,7.0,265.0,33,27.0,5.0,31202975,17.363636363636363,0.6990252954195315
12851365,12851365,7.0,265.0,36,27.0,5.0,31202975,17.5,1.0823255385643322
12851366,12851366,7.0,265.0,34,25.0,5.0,31202975,16.235294117647058,1.478304178512248
12533900,12533900,19.0,180.0,15,69.0,5.0,31202983,32.266666666666666,18.417641646245695
12101359,12101359,7.0,255.0,27,14.0,5.0,31202983,6.0,0.0
12101415,12101415,13.0,255.0,24,14.0,5.0,31202983,5.791666666666667,0.41485111699905364
12101439,12101439,13.0,255.0,20,14.0,5.0,31202983,5.8,0.41039134083406176
1932310,1932310,7.0,255.0,29,18.0,5.0,31203068,10.517241379310345,0.8289705171033536
9284730,9284730,7.0,255.0,14,16.0,5.0,31203068,8.0,0.5547001962252291
578830,578830,13.0,255.0,24,14.0,5.0,31203076,5.833333333333333,0.3806934938134408
579045,579045,7.0,255.0,23,15.0,5.0,31203076,7.173913043478261,1.0724726702618104
579514,579514,7.0,255.0,26,15.0,5.0,31203076,7.0,0.0
579639,579639,7.0,255.0,23,15.0,5.0,31203076,6.956521739130435,0.20851441405707477
579903,579903,13.0,255.0,24,14.0,5.0,31203076,5.916666666666667,0.28232985128664007
580260,580260,7.0,255.0,20,16.0,5.0,31203076,8.05,0.3940344628262061
580712,580712,7.0,255.0,24,17.0,5.0,31203076,9.333333333333334,0.7613869876268806
581213,581213,7.0,255.0,25,17.0,5.0,31203076,9.2,0.7071067811865475
581256,581256,7.0,255.0,29,18.0,5.0,31203076,10.172413793103448,0.3844258722192446
646568,646568,13.0,255.0,23,14.0,5.0,31203076,5.869565217391305,0.344350221575091
3060684,3060684,7.0,255.0,22,16.0,5.0,31203076,7.7727272727272725,0.4289320272288887
4759506,4759506,7.0,255.0,22,16.0,5.0,31203076,8.045454545454545,0.21320071635561022
6397098,6397098,7.0,255.0,29,18.0,5.0,31203076,10.241379310344827,0.576638808328867
12456066,12456066,7.0,255.0,28,17.0,5.0,31203076,9.142857142857142,0.5245305283129618
12045953,12045953,13.0,255.0,24,14.0,5.0,31203092,5.958333333333333,0.20412414523193145
12046338,12046338,13.0,255.0,25,14.0,5.0,31203092,5.88,0.33166247903554036
12055421,12055421,13.0,255.0,27,14.0,5.0,31203092,5.962962962962963,0.3375797890278888
12060089,12060089,13.0,255.0,23,15.0,5.0,31203092,6.826086956521739,0.38755338788159005
12060719,12060719,13.0,255.0,22,15.0,5.0,31203092,6.909090909090909,0.29424494316824984
12086651,12086651,13.0,255.0,21,15.0,5.0,31203092,7.0,0.0
12086959,12086959,13.0,255.0,21,16.0,5.0,31203092,7.904761904761905,0.30079260375911915
12087721,12087721,13.0,255.0,19,16.0,5.0,31203092,8.105263157894736,0.4588314677411236
12088407,12088407,13.0,255.0,18,16.0,5.0,31203092,8.055555555555555,0.23570226039551576
12088819,12088819,13.0,255.0,17,16.0,5.0,31203092,8.0,0.49999999999999967
12089658,12089658,13.0,255.0,29,17.0,5.0,31203092,9.10344827586207,0.48879060563561927
12093780,12093780,7.0,255.0,32,18.0,5.0,31203092,10.375,0.7513428837969109
12094099,12094099,13.0,255.0,30,17.0,5.0,31203092,9.3,0.5959634332684376
12710143,12710143,13.0,270.0,22,16.0,5.0,31205265,8.0,0.30860669992418377
12737891,12737891,7.0,330.0,31,19.0,5.0,31205265,11.193548387096774,0.47744841527364185
12745268,12745268,7.0,330.0,24,25.0,5.0,31205265,14.875,0.33783196234608814
12009488,12009488,13.0,255.0,18,14.0,5.0,31202878,5.944444444444445,0.23570226039551587
12009562,12009562,13.0,255.0,19,15.0,5.0,31202878,6.947368421052632,0.2294157338705618
12009984,12009984,7.0,255.0,29,19.0,5.0,31202878,11.586206896551724,0.9070061182385529
12010238,12010238,13.0,255.0,21,14.0,5.0,31202878,5.9523809523809526,0.21821789023599233
12010450,12010450,13.0,255.0,21,16.0,5.0,31202878,8.0,0.4472135954999579
12010497,12010497,13.0,255.0,16,17.0,5.0,31202878,9.625,0.806225774829855
12010628,12010628,13.0,255.0,26,18.0,5.0,31202878,10.5,0.7615773105863908
12011034,12011034,7.0,255.0,31,20.0,5.0,31202878,12.451612903225806,0.7228973960122488
12011314,12011314,7.0,255.0,29,21.0,5.0,31202878,13.379310344827585,0.8200084103858012
12011353,12011353,7.0,255.0,32,41.0,5.0,31202878,14.4375,0.7156093726283558
12011382,12011382,7.0,255.0,24,41.0,5.0,31202878,14.541666666666666,0.8329709356935241
12012194,12012194,13.0,255.0,19,15.0,5.0,31202878,7.157894736842105,1.0145145470035764
12012240,12012240,7.0,255.0,30,21.0,5.0,31202878,13.566666666666666,0.9352607356658146
12012283,12012283,7.0,265.0,28,21.0,5.0,31202878,13.321428571428571,0.6696362433535823
12012323,12012323,13.0,255.0,21,16.0,5.0,31202878,7.9523809523809526,0.3842122429322725
12012373,12012373,7.0,255.0,34,41.0,5.0,31202878,14.5,0.861640436855329
12012384,12012384,13.0,255.0,15,17.0,5.0,31202878,9.133333333333333,0.7432233529572069
12012443,12012443,13.0,255.0,28,18.0,5.0,31202878,10.428571428571429,0.9200874124564723
12012545,12012545,7.0,255.0,27,19.0,5.0,31202878,11.37037037037037,0.6877023141843228
12012558,12012558,7.0,255.0,26,20.0,5.0,31202878,13.115384615384615,1.3061982415214948
12012562,12012562,7.0,255.0,30,19.0,5.0,31202878,11.366666666666667,0.5560534167675356
12012587,12012587,7.0,255.0,26,20.0,5.0,31202878,12.615384615384615,1.0982503567738304
12101505,12101505,13.0,255.0,22,14.0,5.0,31202983,6.0,0.0
12101555,12101555,13.0,255.0,23,14.0,5.0,31202983,5.956521739130435,0.20851441405707477
12101638,12101638,13.0,255.0,22,15.0,5.0,31202983,7.0,0.0
12094604,12094604,13.0,255.0,29,17.0,5.0,31203092,9.241379310344827,0.7394579295380166
12101658,12101658,13.0,255.0,21,15.0,5.0,31202983,6.904761904761905,0.30079260375911915
12127950,12127950,13.0,255.0,22,15.0,5.0,31202983,6.863636363636363,0.3512500866571045
12127965,12127965,7.0,255.0,26,15.0,5.0,31202983,6.961538461538462,0.3441824203261091
12127989,12127989,13.0,255.0,21,15.0,5.0,31202983,7.0,0.3162277660168379
12129081,12129081,7.0,255.0,20,16.0,5.0,31202983,8.15,0.3663475485325232
12129095,12129095,13.0,255.0,22,16.0,5.0,31202983,8.136363636363637,0.7101612523427367
12129114,12129114,13.0,255.0,22,16.0,5.0,31202983,8.136363636363637,0.46756252909607565
12129135,12129135,13.0,255.0,22,16.0,5.0,31202983,8.181818181818182,0.5010810823432184
12130062,12130062,13.0,255.0,22,16.0,5.0,31202983,8.045454545454545,0.5754727023663513
12130083,12130083,7.0,255.0,25,16.0,5.0,31202983,8.12,0.6000000000000001
12183784,12183784,7.0,255.0,25,18.0,5.0,31202983,10.24,0.66332495807108
12183810,12183810,7.0,255.0,20,18.0,5.0,31202983,10.4,0.8825799501580878
12183891,12183891,7.0,255.0,23,18.0,5.0,31202983,10.26086956521739,0.7518094115561121
12186397,12186397,7.0,255.0,25,18.0,5.0,31202983,10.32,0.8524474568362947
12186414,12186414,7.0,255.0,20,18.0,5.0,31202983,10.55,0.9445132413883328
12186654,12186654,7.0,255.0,24,17.0,5.0,31202983,9.125,0.6123724356957946
12186664,12186664,7.0,255.0,25,17.0,5.0,31202983,9.2,0.5773502691896261
12187295,12187295,7.0,255.0,24,17.0,5.0,31202983,9.25,0.6756639246921763
12217321,12217321,7.0,255.0,25,17.0,5.0,31202983,9.0,0.4999999999999999
12220053,12220053,7.0,255.0,20,17.0,5.0,31202983,9.35,0.812727700887249
12319644,12319644,7.0,265.0,36,20.0,5.0,31202983,12.666666666666666,1.0690449676496976
12319725,12319725,7.0,265.0,30,21.0,5.0,31202983,13.433333333333334,0.8976341829703129
12320682,12320682,7.0,265.0,35,20.0,5.0,31202983,12.657142857142857,0.9684085532720268
12330539,12330539,7.0,265.0,30,21.0,5.0,31202983,13.2,0.8051557998728975
12334152,12334152,7.0,265.0,31,21.0,5.0,31202983,13.35483870967742,0.8385855987623523
12339002,12339002,7.0,265.0,22,41.0,5.0,31202983,14.227272727272727,0.6119304490372043
12341085,12341085,7.0,265.0,22,41.0,5.0,31202983,14.227272727272727,0.6119304490372044
12341134,12341134,7.0,265.0,20,41.0,5.0,31202983,14.05,0.5104177855340404
12414125,12414125,19.0,180.0,7,69.0,5.0,31202983,64.71428571428571,14.659630346798036
12095015,12095015,13.0,255.0,30,18.0,5.0,31203092,10.7,1.0221680811915896
12095086,12095086,13.0,255.0,29,18.0,5.0,31203092,10.275862068965518,0.7510255713802263
12096409,12096409,7.0,265.0,33,19.0,5.0,31203092,11.545454545454545,0.8692996135866035
12096443,12096443,7.0,265.0,29,20.0,5.0,31203092,12.551724137931034,0.9851108312031159
12097513,12097513,7.0,265.0,33,19.0,5.0,31203092,11.727272727272727,1.0084867151060815
12097579,12097579,7.0,265.0,35,19.0,5.0,31203092,11.485714285714286,0.7424691941095478
12097645,12097645,7.0,265.0,32,19.0,5.0,31203092,11.6875,0.997981834471692
12097864,12097864,7.0,265.0,27,20.0,5.0,31203092,12.703703703703704,1.0675210253672476
12097905,12097905,7.0,265.0,25,20.0,5.0,31203092,12.56,0.960902353693305
12098074,12098074,7.0,265.0,32,21.0,5.0,31203092,13.6875,0.9310937030562323
12098127,12098127,7.0,265.0,32,21.0,5.0,31203092,13.6875,1.090649407019624
12098178,12098178,7.0,265.0,33,21.0,5.0,31203092,13.666666666666666,0.9242113755341179
12098337,12098337,7.0,265.0,29,41.0,5.0,31203092,14.620689655172415,1.1775820597262692
12100113,12100113,7.0,265.0,24,41.0,5.0,31203092,14.416666666666666,0.9743076322798874
12100135,12100135,7.0,265.0,28,41.0,5.0,31203092,14.714285714285714,1.2128064441201951
12851444,12851444,13.0,255.0,22,15.0,5.0,31203106,6.909090909090909,0.2942449431682498
12851445,12851445,13.0,255.0,25,15.0,5.0,31203106,7.08,0.4000000000000001
12851446,12851446,13.0,255.0,25,16.0,5.0,31203106,8.04,0.3511884584284246
12851447,12851447,13.0,255.0,22,16.0,5.0,31203106,8.136363636363637,0.6396021490668312
12851448,12851448,13.0,255.0,30,17.0,5.0,31203106,8.933333333333334,0.44977644510880355
12851449,12851449,13.0,255.0,29,17.0,5.0,31203106,8.827586206896552,0.38442587221924485
12851450,12851450,13.0,255.0,25,18.0,5.0,31203106,10.4,0.8164965809277257
12851451,12851451,13.0,255.0,25,18.0,5.0,31203106,10.4,0.7637626158259734
12851452,12851452,13.0,255.0,23,18.0,5.0,31203106,10.304347826086957,0.7029019463944165
12851453,12851453,13.0,255.0,36,19.0,5.0,31203106,11.277777777777779,0.5133147801223565
12851454,12851454,13.0,255.0,38,19.0,5.0,31203106,11.289473684210526,0.5651067699567265
12851455,12851455,13.0,255.0,37,19.0,5.0,31203106,11.324324324324325,0.6689151272377145
12851456,12851456,13.0,255.0,31,20.0,5.0,31203106,12.225806451612904,0.42502371850324133
12851457,12851457,13.0,255.0,31,20.0,5.0,31203106,12.290322580645162,0.5287436926083547
12851458,12851458,13.0,265.0,29,20.0,5.0,31203106,12.241379310344827,0.43549417035569277
12851459,12851459,7.0,265.0,32,41.0,5.0,31203106,14.46875,0.8793096632421183
12851460,12851460,7.0,265.0,36,41.0,5.0,31203106,14.305555555555555,0.709907215041694
1739670,1739670,13.0,270.0,24,16.0,5.0,31205231,9.125,5.527107113443547
1739799,1739799,13.0,270.0,24,18.0,5.0,31205231,10.083333333333334,0.40824829046386285
12012625,12012625,7.0,265.0,26,20.0,5.0,31202878,12.76923076923077,0.9511127086814604
12012759,12012759,7.0,265.0,29,19.0,5.0,31202878,11.448275862068966,0.8695732490526491
12851154,12851154,7.0,265.0,35,21.0,5.0,31202894,13.485714285714286,0.7424691941095473
12851155,12851155,7.0,265.0,23,20.0,5.0,31202894,13.347826086956522,1.2287723234696086
12851156,12851156,7.0,265.0,21,41.0,5.0,31202894,14.285714285714286,0.6436503043467894
12851157,12851157,7.0,265.0,17,41.0,5.0,31202894,14.529411764705882,0.8744746321952063
12851158,12851158,7.0,265.0,32,25.0,5.0,31202894,16.0,1.2951522516054665
12851159,12851159,7.0,265.0,31,25.0,5.0,31202894,16.0,1.2649110640673518
12851160,12851160,7.0,265.0,26,26.0,5.0,31202894,16.653846153846153,1.1642098674142114
12851161,12851161,7.0,265.0,21,26.0,5.0,31202894,17.238095238095237,1.338086764928265
12851162,12851162,7.0,265.0,23,27.0,5.0,31202894,17.565217391304348,1.4717363572115556
12851163,12851163,7.0,265.0,21,27.0,5.0,31202894,17.476190476190474,0.6796357567879737
12851164,12851164,13.0,255.0,10,14.0,5.0,31202894,6.0,0.0
12851165,12851165,13.0,255.0,15,15.0,5.0,31202894,6.933333333333334,0.45773770821706344
12851166,12851166,13.0,255.0,15,16.0,5.0,31202894,8.133333333333333,0.3518657752744984
12851167,12851167,13.0,255.0,20,17.0,5.0,31202894,9.35,0.93330200448673
12851168,12851168,13.0,255.0,27,18.0,5.0,31202894,10.62962962962963,1.3629196078822319
12851169,12851169,13.0,265.0,18,19.0,5.0,31202894,12.0,1.2833778958394957
12851170,12851170,13.0,265.0,18,19.0,5.0,31202894,11.555555555555555,0.855585263892997
12851172,12851172,13.0,265.0,20,64.0,5.0,31202894,17.5,1.0000000000000002
12851173,12851173,7.0,265.0,30,25.0,5.0,31202894,15.833333333333334,1.234094204567514
14246992,14246992,13.0,215.0,14,39.0,5.0,31202894,17.071428571428573,0.9972489631508737
12857800,12857800,7.0,265.0,26,26.0,5.0,31202908,16.653846153846153,0.9774377808252634
12857787,12857787,13.0,255.0,13,14.0,5.0,31202908,6.0,0.0
12857788,12857788,13.0,255.0,14,15.0,5.0,31202908,6.928571428571429,0.2672612419124244
12857789,12857789,13.0,255.0,15,16.0,5.0,31202908,8.466666666666667,1.5055453054181622
12857790,12857790,13.0,255.0,20,17.0,5.0,31202908,9.0,0.4588314677411236
12857791,12857791,13.0,255.0,22,18.0,5.0,31202908,10.818181818181818,0.9579921282290986
12857792,12857792,7.0,265.0,24,19.0,5.0,31202908,12.0,1.3187609467915737
12857793,12857793,7.0,265.0,26,20.0,5.0,31202908,13.038461538461538,1.5094573655660293
12857794,12857794,7.0,265.0,29,21.0,5.0,31202908,13.620689655172415,0.8200084103858013
12857795,12857795,7.0,265.0,30,41.0,5.0,31202908,14.566666666666666,0.9714309861845777
12857796,12857796,7.0,265.0,26,25.0,5.0,31202908,15.807692307692308,1.3272296189953194
12517482,12517482,19.0,180.0,7,69.0,5.0,31202983,50.142857142857146,16.07719473279435
12518254,12518254,19.0,180.0,18,69.0,5.0,31202983,33.94444444444444,14.929135439378943
12581175,12581175,19.0,180.0,45,70.0,5.0,31202983,24.2,12.025729991072552
12851461,12851461,7.0,265.0,32,41.0,5.0,31203106,14.375,0.8706690049203728
12665818,12665818,19.0,180.0,28,70.0,5.0,31202983,23.25,13.226306558717939
12665988,12665988,19.0,180.0,23,70.0,5.0,31202983,18.82608695652174,4.820903102051274
12735345,12735345,19.0,180.0,30,70.0,5.0,31202983,19.366666666666667,3.8728349531980633
12914703,12914703,19.0,180.0,35,70.0,5.0,31202983,25.17142857142857,14.701912069094789
12918165,12918165,19.0,180.0,26,70.0,5.0,31202983,24.192307692307693,10.24116880348813
12923595,12923595,19.0,180.0,25,70.0,5.0,31202983,21.68,8.076302784484165
13062935,13062935,19.0,180.0,35,70.0,5.0,31202983,18.685714285714287,4.625831744425113
12850436,12850436,13.0,265.0,33,19.0,5.0,31203009,11.303030303030303,0.5854938345559502
12850437,12850437,13.0,265.0,25,20.0,5.0,31203009,12.4,0.5773502691896257
12850438,12850438,13.0,265.0,27,21.0,5.0,31203009,13.185185185185185,0.5572623354770271
12850439,12850439,13.0,265.0,34,41.0,5.0,31203009,14.382352941176471,0.8533252562006326
12850440,12850440,7.0,265.0,36,26.0,5.0,31203009,16.166666666666668,0.810643483377777
12850441,12850441,7.0,265.0,38,27.0,5.0,31203009,17.57894736842105,0.8893234278468158
12850442,12850442,13.0,265.0,24,20.0,5.0,31203009,12.541666666666666,0.6580053301400783
12850443,12850443,13.0,265.0,25,21.0,5.0,31203009,13.12,0.43969686527576407
12850444,12850444,13.0,265.0,34,41.0,5.0,31203009,14.323529411764707,0.6840427168698413
12850445,12850445,7.0,265.0,39,26.0,5.0,31203009,16.333333333333332,0.7374684055081993
12850446,12850446,7.0,265.0,37,26.0,5.0,31203009,16.405405405405407,0.7249313936680664
12850447,12850447,7.0,265.0,38,26.0,5.0,31203009,16.342105263157894,0.7081119086039193
12850448,12850448,7.0,265.0,34,27.0,5.0,31203009,17.235294117647058,0.6988659007542698
12850449,12850449,7.0,265.0,40,27.0,5.0,31203009,17.1,0.44144285572630454
12850450,12850450,7.0,265.0,39,27.0,5.0,31203009,17.076923076923077,0.42206356372217535
12850451,12850451,7.0,265.0,22,27.0,5.0,31203009,17.363636363636363,0.7267314002700918
12850452,12850452,13.0,265.0,37,25.0,5.0,31203009,15.486486486486486,1.070348375831741
12850453,12850453,13.0,265.0,32,25.0,5.0,31203009,15.8125,1.0297979758028961
12850454,12850454,13.0,265.0,33,25.0,5.0,31203009,15.848484848484848,0.7953463129830661
12850455,12850455,19.0,195.0,38,25.0,5.0,31203009,16.94736842105263,0.7332772942940269
12850456,12850456,19.0,195.0,37,26.0,5.0,31203009,17.756756756756758,0.8629859470146345
12850457,12850457,19.0,195.0,30,27.0,5.0,31203009,18.433333333333334,2.6997232723237476
12850458,12850458,19.0,195.0,31,71.0,5.0,31203009,22.903225806451612,7.02070670094152
12851462,12851462,7.0,265.0,33,41.0,5.0,31203106,14.303030303030303,0.5854938345559502
12851463,12851463,7.0,265.0,35,41.0,5.0,31203106,14.428571428571429,1.399279526498302
12851464,12851464,13.0,265.0,26,21.0,5.0,31203106,13.26923076923077,0.6667948594698255
12851465,12851465,13.0,265.0,27,21.0,5.0,31203106,13.25925925925926,0.4465760847047225
12851466,12851466,7.0,265.0,41,25.0,5.0,31203106,15.390243902439025,0.7706506595237497
12851467,12851467,7.0,265.0,39,25.0,5.0,31203106,15.23076923076923,0.5831646179767075
12851468,12851468,7.0,265.0,41,25.0,5.0,31203106,15.24390243902439,0.6625891564490793
12851469,12851469,7.0,265.0,40,25.0,5.0,31203106,15.1,0.7089175569585665
12851470,12851470,7.0,265.0,34,26.0,5.0,31203106,16.735294117647058,1.8798585299675137
12851471,12851471,7.0,265.0,35,26.0,5.0,31203106,16.2,0.6324555320336762
12851472,12851472,7.0,265.0,31,26.0,5.0,31203106,16.129032258064516,0.8058922791486449
12851473,12851473,7.0,265.0,34,26.0,5.0,31203106,16.264705882352942,0.6183469424008421
12851474,12851474,13.0,255.0,22,14.0,5.0,31203106,5.863636363636363,0.35125008665710444
12851475,12851475,13.0,255.0,22,14.0,5.0,31203106,6.0,0.0
12851476,12851476,13.0,255.0,37,21.0,5.0,31203106,13.18918918918919,0.46175016319781964
12851477,12851477,7.0,265.0,32,27.0,5.0,31203106,17.3125,1.2031544560700795
12851478,12851478,7.0,265.0,30,27.0,5.0,31203106,17.066666666666666,0.5832922809856751
12851479,12851479,7.0,265.0,30,27.0,5.0,31203106,17.366666666666667,1.1885468767200222
12851482,12851482,13.0,255.0,17,18.0,5.0,31203106,10.117647058823529,0.600245047998781
12851485,12851485,7.0,265.0,22,23.0,5.0,31203106,15.136363636363637,0.9902118361842988
143976,143976,13.0,270.0,25,14.0,5.0,31203122,5.76,0.4358898943540673
143977,143977,13.0,270.0,27,15.0,5.0,31203122,6.888888888888889,0.32025630761017426
143979,143979,13.0,270.0,24,16.0,5.0,31203122,7.875,0.3378319623460881
143981,143981,13.0,270.0,27,17.0,5.0,31203122,9.185185185185185,0.5572623354770271
143983,143983,13.0,270.0,24,18.0,5.0,31203122,10.25,0.5316095330711951
143984,143984,13.0,270.0,23,18.0,5.0,31203122,10.26086956521739,0.688700443150182
143985,143985,13.0,290.0,30,19.0,5.0,31203122,11.5,0.6822882392210133
143986,143986,13.0,290.0,30,19.0,5.0,31203122,11.5,0.7310832774866964
143987,143987,13.0,290.0,29,20.0,5.0,31203122,12.344827586206897,0.48372528131497466
143988,143988,13.0,290.0,28,20.0,5.0,31203122,12.428571428571429,0.741798187018916
143989,143989,7.0,290.0,30,21.0,5.0,31203122,13.433333333333334,0.8583598366625752
143990,143990,7.0,290.0,28,21.0,5.0,31203122,13.5,0.962250448649376
1739905,1739905,13.0,270.0,24,14.0,5.0,31205231,5.916666666666667,0.28232985128664
12858030,12858030,13.0,265.0,33,21.0,5.0,31217743,13.181818181818182,0.7687061147858075
12858031,12858031,7.0,265.0,32,41.0,5.0,31217743,14.25,0.6221710168382552
12858032,12858032,7.0,265.0,30,41.0,5.0,31217743,14.266666666666667,0.9071871393197363
1740025,1740025,13.0,270.0,29,17.0,5.0,31205231,9.03448275862069,0.32544020963805487
1740462,1740462,7.0,320.0,28,41.0,5.0,31205231,14.071428571428571,0.6042179781166439
1741029,1741029,13.0,270.0,24,14.0,5.0,31205231,5.833333333333333,0.38069349381344053
1741030,1741030,13.0,270.0,26,15.0,5.0,31205231,7.038461538461538,0.527694550342846
1741031,1741031,13.0,255.0,26,15.0,5.0,31205231,7.0,0.0
1741032,1741032,13.0,270.0,24,16.0,5.0,31205231,8.125,0.44842720314644063
1741033,1741033,13.0,270.0,29,17.0,5.0,31205231,8.96551724137931,0.42111744380615784
1741034,1741034,13.0,270.0,22,18.0,5.0,31205231,10.045454545454545,0.21320071635561044
1741035,1741035,7.0,270.0,33,19.0,5.0,31205231,11.181818181818182,0.4646601886422927
1741036,1741036,7.0,270.0,31,19.0,5.0,31205231,11.225806451612904,0.42502371850324105
1741037,1741037,7.0,320.0,26,20.0,5.0,31205231,12.0,0.2828427124746189
1741038,1741038,7.0,320.0,23,20.0,5.0,31205231,12.043478260869565,0.20851441405707477
1741039,1741039,7.0,320.0,22,21.0,5.0,31205231,13.0,0.4364357804719847
1741040,1741040,7.0,320.0,22,21.0,5.0,31205231,13.227272727272727,0.5284134548067254
1741041,1741041,9.0,200.0,30,41.0,5.0,31205231,14.166666666666666,0.5920934999167601
1741042,1741042,7.0,320.0,21,25.0,5.0,31205231,15.047619047619047,0.6690433824641325
1741043,1741043,7.0,320.0,30,26.0,5.0,31205231,16.133333333333333,0.5074162634049251
1741044,1741044,7.0,320.0,24,27.0,5.0,31205231,17.083333333333332,0.28232985128664007
3455315,3455315,7.0,320.0,28,25.0,5.0,31205231,15.035714285714286,0.5762035942360842
6242025,6242025,7.0,320.0,23,26.0,5.0,31205231,16.08695652173913,0.7331776095289765
8797666,8797666,7.0,320.0,26,27.0,5.0,31205231,17.076923076923077,0.27174648819470265
893267,893267,13.0,255.0,8,16.0,5.0,31205249,8.375,0.9161253813129044
893269,893269,13.0,255.0,5,15.0,5.0,31205249,7.0,0.0
893271,893271,13.0,255.0,10,14.0,5.0,31205249,6.0,0.0
893272,893272,7.0,325.0,10,27.0,5.0,31205249,17.5,0.7071067811865474
893274,893274,7.0,325.0,9,26.0,5.0,31205249,16.22222222222222,0.44095855184409827
893276,893276,7.0,325.0,13,25.0,5.0,31205249,15.0,0.5773502691896257
893278,893278,7.0,275.0,18,41.0,5.0,31205249,14.277777777777779,0.4608885989624771
893280,893280,7.0,275.0,10,21.0,5.0,31205249,12.8,0.42163702135578396
893282,893282,7.0,275.0,12,20.0,5.0,31205249,12.25,0.4522670168666455
12858033,12858033,13.0,265.0,25,41.0,5.0,31217743,14.16,0.8504900548115382
12858034,12858034,7.0,265.0,29,25.0,5.0,31217743,15.241379310344827,0.5109635445336238
12858035,12858035,7.0,265.0,34,25.0,5.0,31217743,15.411764705882353,0.8916327229616304
12858036,12858036,7.0,265.0,35,25.0,5.0,31217743,15.571428571428571,0.8840320158467209
12858037,12858037,7.0,265.0,39,26.0,5.0,31217743,16.358974358974358,0.7429379618209777
12858038,12858038,7.0,265.0,41,26.0,5.0,31217743,16.463414634146343,0.7777390621413378
12858039,12858039,7.0,265.0,36,26.0,5.0,31217743,16.416666666666668,1.079020720044668
12858040,12858040,7.0,265.0,35,26.0,5.0,31217743,16.885714285714286,1.022437358110757
12858041,12858041,7.0,265.0,33,27.0,5.0,31217743,17.545454545454547,1.0335288182638251
12858042,12858042,7.0,265.0,34,27.0,5.0,31217743,17.264705882352942,0.7096231833787504
12858043,12858043,7.0,265.0,32,27.0,5.0,31217743,17.25,0.5679618342470649
12858044,12858044,7.0,265.0,30,27.0,5.0,31217743,17.233333333333334,1.0400044208570942
12858045,12858045,7.0,265.0,32,27.0,5.0,31217743,17.59375,0.9108441671187193
12858046,12858046,7.0,265.0,34,25.0,5.0,31217743,15.823529411764707,0.9683033657896907
12858047,12858047,13.0,265.0,27,19.0,5.0,31217743,11.296296296296296,0.6688000054526372
12404890,12404890,13.0,255.0,18,14.0,5.0,31217751,5.944444444444445,0.23570226039551587
12405022,12405022,13.0,255.0,23,14.0,5.0,31217751,5.956521739130435,0.20851441405707477
12405099,12405099,7.0,255.0,21,15.0,5.0,31217751,6.9523809523809526,0.3842122429322725
12405307,12405307,7.0,255.0,21,16.0,5.0,31217751,8.047619047619047,0.49761335152811925
12405368,12405368,7.0,255.0,22,17.0,5.0,31217751,9.136363636363637,0.6396021490668311
12405397,12405397,7.0,255.0,25,17.0,5.0,31217751,9.28,0.8426149773176359
12405535,12405535,7.0,255.0,24,18.0,5.0,31217751,10.333333333333334,0.816496580927726
12405556,12405556,7.0,255.0,27,18.0,5.0,31217751,10.592592592592593,0.6360490582953522
12405566,12405566,7.0,255.0,26,18.0,5.0,31217751,10.461538461538462,1.0288155998338764
12406060,12406060,7.0,255.0,21,15.0,5.0,31217751,6.9523809523809526,0.3842122429322725
12406230,12406230,7.0,255.0,22,15.0,5.0,31217751,6.863636363636363,0.3512500866571045
12406331,12406331,7.0,255.0,22,16.0,5.0,31217751,8.045454545454545,0.21320071635561044
12406398,12406398,7.0,255.0,20,16.0,5.0,31217751,8.05,0.5104177855340405
12406624,12406624,7.0,255.0,24,17.0,5.0,31217751,9.5,0.7801894976054942
12850459,12850459,19.0,195.0,35,71.0,5.0,31203009,25.34285714285714,11.132736192241799
12850460,12850460,19.0,195.0,40,71.0,5.0,31203009,23.1,6.117649959391353
143991,143991,7.0,290.0,29,41.0,5.0,31203122,14.551724137931034,0.7361195019711583
12850461,12850461,19.0,195.0,41,71.0,5.0,31203009,29.902439024390244,12.28780875105236
12850462,12850462,19.0,195.0,34,71.0,5.0,31203009,21.5,5.428599908788358
12851406,12851406,7.0,265.0,41,25.0,5.0,31203009,15.390243902439025,0.7706506595237498
12851407,12851407,13.0,265.0,33,19.0,5.0,31203009,11.575757575757576,0.7084447327730935
12851408,12851408,7.0,265.0,41,25.0,5.0,31203009,15.268292682926829,0.6717287489717273
12851409,12851409,7.0,265.0,35,26.0,5.0,31203009,16.6,0.9455779434075354
12851410,12851410,7.0,265.0,28,26.0,5.0,31203009,17.0,1.2171612389003696
12851411,12851411,7.0,265.0,30,27.0,5.0,31203009,17.2,0.6643638388299196
12851412,12851412,19.0,195.0,45,71.0,5.0,31203009,25.933333333333334,11.515602064550986
12851413,12851413,19.0,195.0,41,71.0,5.0,31203009,24.29268292682927,8.94215830333769
12851414,12851414,19.0,195.0,36,71.0,5.0,31203009,20.63888888888889,3.7656551528464113
12851415,12851415,19.0,195.0,38,71.0,5.0,31203009,27.289473684210527,9.85272055922666
12851416,12851416,13.0,265.0,23,23.0,5.0,31203009,14.73913043478261,0.7518094115561124
8839003,8839003,13.0,255.0,24,15.0,5.0,31203017,6.875,0.33783196234608814
8840774,8840774,13.0,255.0,18,17.0,5.0,31203017,9.222222222222221,0.6467616667635545
8840823,8840823,7.0,255.0,22,18.0,5.0,31203017,10.227272727272727,0.42893202722888873
8841607,8841607,13.0,255.0,17,16.0,5.0,31203017,8.176470588235293,0.8828430011649205
8842310,8842310,13.0,255.0,18,14.0,5.0,31203017,5.888888888888889,0.3233808333817773
8842545,8842545,13.0,255.0,18,17.0,5.0,31203017,9.333333333333334,0.7669649888473702
8843429,8843429,13.0,255.0,18,16.0,5.0,31203017,8.0,0.5940885257860047
8843756,8843756,7.0,265.0,30,19.0,5.0,31203017,11.333333333333334,0.546672273590534
8843880,8843880,7.0,265.0,26,21.0,5.0,31203017,13.5,0.948683298050514
8844328,8844328,7.0,255.0,24,18.0,5.0,31203017,10.208333333333334,0.5882299658752717
8844625,8844625,7.0,265.0,30,19.0,5.0,31203017,11.433333333333334,0.6789105539243628
8845519,8845519,7.0,265.0,29,20.0,5.0,31203017,12.413793103448276,0.6277648205743445
8847101,8847101,7.0,265.0,29,20.0,5.0,31203017,12.413793103448276,0.6277648205743448
8847240,8847240,7.0,265.0,31,21.0,5.0,31203017,13.064516129032258,0.24973103811470723
8878796,8878796,7.0,265.0,30,41.0,5.0,31203017,14.0,0.2626128657194451
8879564,8879564,7.0,265.0,23,41.0,5.0,31203017,14.478260869565217,0.8458220969937149
1932301,1932301,13.0,255.0,24,14.0,5.0,31203068,5.916666666666667,0.28232985128664
1932303,1932303,7.0,255.0,17,16.0,5.0,31203068,7.9411764705882355,0.4287464628562721
143992,143992,7.0,290.0,28,41.0,5.0,31203122,14.428571428571429,0.5727497953228166
143993,143993,7.0,335.0,33,25.0,5.0,31203122,15.030303030303031,0.6839612783652524
143994,143994,7.0,335.0,37,25.0,5.0,31203122,15.162162162162161,0.44180900307168386
143995,143995,7.0,335.0,30,26.0,5.0,31203122,16.0,0.6432675209026765
143996,143996,7.0,335.0,31,26.0,5.0,31203122,16.06451612903226,0.6799746990865538
143998,143998,7.0,335.0,26,27.0,5.0,31203122,17.346153846153847,0.8918433805240776
143999,143999,7.0,335.0,24,27.0,5.0,31203122,17.125,0.4484272031464407
6110217,6110217,13.0,270.0,24,14.0,5.0,31203122,5.958333333333333,0.2041241452319315
8816317,8816317,13.0,270.0,28,15.0,5.0,31203122,7.035714285714286,0.4287918304520668
8818115,8818115,7.0,290.0,30,41.0,5.0,31203122,14.466666666666667,0.6288102248298566
11928770,11928770,13.0,270.0,24,16.0,5.0,31203122,7.916666666666667,0.408248290463863
893284,893284,7.0,275.0,21,19.0,5.0,31205249,11.285714285714286,0.4629100498862758
893286,893286,13.0,255.0,14,18.0,5.0,31205249,10.214285714285714,0.4258153136263201
893288,893288,13.0,255.0,18,17.0,5.0,31205249,8.944444444444445,0.4161761818978652
87500,87500,13.0,270.0,22,15.0,5.0,31205265,7.409090909090909,2.1527190095781505
87477,87477,7.0,330.0,29,26.0,5.0,31205265,16.0,0.4629100498862756
87478,87478,7.0,330.0,31,26.0,5.0,31205265,15.870967741935484,0.42754613660367824
87480,87480,7.0,330.0,26,25.0,5.0,31205265,14.961538461538462,0.19611613513818402
87481,87481,7.0,330.0,25,25.0,5.0,31205265,14.88,0.33166247903554
87483,87483,7.0,330.0,22,41.0,5.0,31205265,14.0,0.3086066999241838
87486,87486,7.0,330.0,21,21.0,5.0,31205265,12.80952380952381,0.40237390808147827
87487,87487,7.0,330.0,22,21.0,5.0,31205265,13.0,0.4364357804719847
87489,87489,7.0,330.0,31,20.0,5.0,31205265,12.096774193548388,0.3005371535187643
87491,87491,7.0,330.0,30,19.0,5.0,31205265,11.2,0.48423419811150215
87493,87493,13.0,270.0,23,18.0,5.0,31205265,10.217391304347826,0.4217411678366501
87494,87494,13.0,270.0,23,18.0,5.0,31205265,10.173913043478262,0.38755338788159
87495,87495,13.0,270.0,30,17.0,5.0,31205265,9.1,0.3051285766293646
87496,87496,13.0,270.0,30,17.0,5.0,31205265,9.033333333333333,0.1825741858350553
87498,87498,13.0,270.0,23,16.0,5.0,31205265,8.217391304347826,0.4217411678366501
87499,87499,13.0,270.0,22,16.0,5.0,31205265,8.045454545454545,0.3750901767477264
88003,88003,13.0,270.0,17,14.0,5.0,31205265,6.470588235294118,2.2112679354508216
88004,88004,13.0,270.0,15,14.0,5.0,31205265,5.866666666666666,0.35186577527449847
3383986,3383986,7.0,330.0,29,27.0,5.0,31205265,16.79310344827586,0.41225082039488536
3384015,3384015,7.0,330.0,29,27.0,5.0,31205265,16.96551724137931,0.32544020963805503
5957476,5957476,13.0,270.0,22,15.0,5.0,31205265,7.0,0.5345224838248489
5958979,5958979,7.0,330.0,26,41.0,5.0,31205265,13.846153846153847,0.36794648440312006
5960623,5960623,7.0,330.0,31,19.0,5.0,31205265,11.129032258064516,0.3407771005482389
5962985,5962985,7.0,330.0,30,20.0,5.0,31205265,12.0,0.0
5973899,5973899,13.0,270.0,19,14.0,5.0,31205265,6.368421052631579,1.862212731486374
6363555,6363555,7.0,330.0,21,21.0,5.0,31205265,13.0,0.31622776601683794
8824539,8824539,13.0,270.0,24,18.0,5.0,31205265,10.125,0.3378319623460881
8825527,8825527,13.0,270.0,20,15.0,5.0,31205265,7.6,2.927186542164947
8828086,8828086,7.0,330.0,24,41.0,5.0,31205265,14.0,0.4170288281141495
11881312,11881312,13.0,255.0,23,14.0,5.0,31251933,5.956521739130435,0.20851441405707477
11881367,11881367,13.0,255.0,24,15.0,5.0,31251933,6.875,0.3378319623460885
11881475,11881475,13.0,255.0,25,16.0,5.0,31251933,8.08,0.4932882862316248
11897665,11897665,7.0,255.0,19,18.0,5.0,31251933,10.31578947368421,0.7492686492653552
11898054,11898054,7.0,265.0,26,19.0,5.0,31251933,11.153846153846153,0.464095480892257
11898211,11898211,13.0,255.0,28,17.0,5.0,31251933,9.071428571428571,0.3779644730092271
11899132,11899132,7.0,265.0,21,20.0,5.0,31251933,12.476190476190476,0.749603069567329
11899243,11899243,7.0,265.0,21,21.0,5.0,31251933,13.238095238095237,0.7684244858645453
11899323,11899323,7.0,265.0,17,41.0,5.0,31251933,14.352941176470589,0.9314757424772421
12857797,12857797,7.0,265.0,27,25.0,5.0,31202908,15.88888888888889,1.3397282541141677
12857798,12857798,7.0,265.0,21,27.0,5.0,31202908,17.285714285714285,0.560611910581388
12857799,12857799,7.0,265.0,29,26.0,5.0,31202908,16.413793103448278,0.8245016407897708
12857801,12857801,7.0,265.0,19,27.0,5.0,31202908,17.31578947368421,1.157230005897577
12857802,12857802,13.0,265.0,9,40.0,5.0,31202908,36.111111111111114,15.243395655532632
12857803,12857803,13.0,265.0,28,64.0,5.0,31202908,26.321428571428573,10.642519791535625
13212015,13212015,13.0,270.0,24,19.0,5.0,31202967,11.75,0.84698955385992
13212016,13212016,13.0,270.0,24,21.0,5.0,31202967,13.333333333333334,0.6370220572706061
13212017,13212017,13.0,270.0,34,41.0,5.0,31202967,14.411764705882353,0.7830649595262134
13212018,13212018,7.0,270.0,38,25.0,5.0,31202967,15.736842105263158,0.8909214945945483
13212019,13212019,7.0,270.0,36,25.0,5.0,31202967,15.805555555555555,1.0642084770098772
13212020,13212020,7.0,270.0,34,25.0,5.0,31202967,15.882352941176471,1.094468346991746
13212021,13212021,7.0,270.0,36,26.0,5.0,31202967,16.305555555555557,0.7862912744358593
13212022,13212022,7.0,270.0,34,26.0,5.0,31202967,16.647058823529413,1.0697593312226676
13212023,13212023,7.0,270.0,39,27.0,5.0,31202967,17.28205128205128,0.559544831406364
12242300,12242300,7.0,255.0,25,18.0,5.0,31261009,10.12,0.5259911279353167
12240822,12240822,7.0,255.0,25,15.0,5.0,31261009,6.92,0.27688746209726917
12240970,12240970,7.0,255.0,18,15.0,5.0,31261009,6.944444444444445,0.23570226039551578
12241704,12241704,7.0,255.0,25,14.0,5.0,31261009,5.92,0.27688746209726933
12241734,12241734,7.0,255.0,19,14.0,5.0,31261009,5.842105263157895,0.3746343246326778
12241802,12241802,7.0,255.0,23,14.0,5.0,31261009,5.913043478260869,0.2881040655200304
12241961,12241961,7.0,255.0,21,15.0,5.0,31261009,7.0,0.0
12242238,12242238,7.0,255.0,28,17.0,5.0,31261009,8.928571428571429,0.6042179781166438
12242267,12242267,7.0,250.0,29,17.0,5.0,31261009,9.172413793103448,0.4682006222337798
12242329,12242329,7.0,255.0,27,18.0,5.0,31261009,10.11111111111111,0.32025630761017426
12243052,12243052,7.0,255.0,22,16.0,5.0,31261009,8.045454545454545,0.4857270179130825
12243092,12243092,7.0,255.0,22,16.0,5.0,31261009,8.090909090909092,0.29424494316824984
12243129,12243129,7.0,255.0,19,16.0,5.0,31261009,8.0,0.3333333333333333
12130776,12130776,13.0,255.0,7,6.0,5.0,31261785,8.0,0.5773502691896257
12131137,12131137,13.0,255.0,9,4.0,5.0,31261785,6.0,0.5
12131264,12131264,13.0,255.0,5,17.0,5.0,31261785,8.4,0.8944271909999159
11990059,11990059,13.0,255.0,21,14.0,5.0,31266965,5.761904761904762,0.43643578047198484
11990231,11990231,13.0,255.0,21,14.0,5.0,31266965,5.9523809523809526,0.21821789023599242
11990258,11990258,13.0,255.0,21,15.0,5.0,31266965,7.0476190476190474,0.21821789023599242
11990284,11990284,7.0,255.0,25,16.0,5.0,31266965,8.12,0.6658328118479394
11990311,11990311,13.0,255.0,22,15.0,5.0,31266965,6.909090909090909,0.4264014327112209
11990331,11990331,7.0,255.0,24,16.0,5.0,31266965,8.333333333333334,0.8164965809277263
11990353,11990353,7.0,255.0,18,17.0,5.0,31266965,9.277777777777779,0.8264420947336314
11990394,11990394,7.0,255.0,16,17.0,5.0,31266965,9.5625,0.727438428093173
11991258,11991258,7.0,255.0,23,18.0,5.0,31266965,10.73913043478261,1.0538842141140996
11991294,11991294,7.0,255.0,23,18.0,5.0,31266965,10.434782608695652,0.7277666307098065
12333983,12333983,7.0,240.0,7,69.0,5.0,31245674,28.428571428571427,6.876460883747851
12520278,12520278,7.0,240.0,14,70.0,5.0,31245674,18.928571428571427,6.922252698188821
12521241,12521241,7.0,240.0,15,70.0,5.0,31245674,18.8,5.115801850289803
12521297,12521297,7.0,240.0,12,70.0,5.0,31245674,19.75,4.092676385936225
14245049,14245049,7.0,240.0,9,22.0,5.0,31245674,13.11111111111111,1.9002923751652305
14245776,14245776,7.0,240.0,9,22.0,5.0,31245674,9.88888888888889,1.0540925533894596
14245892,14245892,7.0,240.0,8,17.0,5.0,31245674,11.5,0.7559289460184545
14245915,14245915,7.0,240.0,10,22.0,5.0,31245674,13.0,1.1547005383792515
14247569,14247569,13.0,240.0,9,22.0,5.0,31245674,9.666666666666666,1.6583123951776995
14247585,14247585,13.0,240.0,8,22.0,5.0,31245674,8.25,1.164964745021435
14247591,14247591,13.0,240.0,10,22.0,5.0,31245674,9.5,0.97182531580755
14247599,14247599,13.0,240.0,11,22.0,5.0,31245674,12.363636363636363,2.2033033051637383
14247605,14247605,13.0,240.0,9,22.0,5.0,31245674,11.444444444444445,2.351122663277647
12542542,12542542,7.0,270.0,25,18.0,5.0,31310573,10.08,0.5715476066494081
12542665,12542665,7.0,270.0,20,19.0,5.0,31310573,11.3,0.57124057057748
12542783,12542783,7.0,270.0,15,41.0,5.0,31310573,12.133333333333333,0.6399404734221846
12542981,12542981,7.0,270.0,9,21.0,5.0,31310573,12.777777777777779,0.4409585518440986
11957971,11957971,13.0,255.0,17,14.0,5.0,31326054,5.9411764705882355,0.24253562503633302
11958272,11958272,13.0,255.0,17,14.0,5.0,31326054,5.882352941176471,0.33210558207753577
11958395,11958395,13.0,255.0,15,14.0,5.0,31326054,5.8,0.4140393356054125
11959457,11959457,13.0,255.0,19,15.0,5.0,31326054,6.894736842105263,0.3153017676423058
11959663,11959663,13.0,255.0,18,15.0,5.0,31326054,6.777777777777778,0.42779263194649864
11959971,11959971,7.0,255.0,17,16.0,5.0,31326054,7.9411764705882355,0.4287464628562723
11960640,11960640,7.0,255.0,27,17.0,5.0,31326054,9.25925925925926,0.7121253450920753
11961311,11961311,7.0,255.0,17,16.0,5.0,31326054,8.058823529411764,0.5557189302262113
11961419,11961419,7.0,255.0,20,16.0,5.0,31326054,8.05,0.39403446282620613
11961555,11961555,7.0,255.0,19,18.0,5.0,31326054,10.263157894736842,0.5619514869490163
11961606,11961606,7.0,255.0,20,18.0,5.0,31326054,10.05,0.7591546545162484
12106197,12106197,13.0,270.0,16,14.0,5.0,31328294,5.875,0.3415650255319866
12106295,12106295,13.0,270.0,15,14.0,5.0,31328294,5.933333333333334,0.25819888974716115
12106425,12106425,13.0,270.0,18,14.0,5.0,31328294,5.888888888888889,0.47140452079103173
12106599,12106599,13.0,270.0,18,15.0,5.0,31328294,6.944444444444445,0.2357022603955158
12106762,12106762,13.0,270.0,15,15.0,5.0,31328294,7.733333333333333,2.5764501233470907
12107016,12107016,13.0,270.0,17,16.0,5.0,31328294,8.058823529411764,0.24253562503633297
12115135,12115135,13.0,270.0,19,16.0,5.0,31328294,7.947368421052632,0.40465131911125585
12115221,12115221,13.0,270.0,23,17.0,5.0,31328294,9.173913043478262,0.3875533878815898
12115397,12115397,13.0,270.0,21,17.0,5.0,31328294,9.047619047619047,0.21821789023599228
12115505,12115505,13.0,270.0,18,18.0,5.0,31328294,10.166666666666666,0.5144957554275266
12115698,12115698,13.0,270.0,22,18.0,5.0,31328294,10.227272727272727,0.4289320272288884
12116153,12116153,7.0,320.0,22,19.0,5.0,31328294,11.227272727272727,0.5284134548067253
12116235,12116235,7.0,320.0,26,19.0,5.0,31328294,11.153846153846153,0.4640954808922571
12116406,12116406,7.0,320.0,22,20.0,5.0,31328294,12.136363636363637,0.467562529096075
12116493,12116493,7.0,320.0,26,20.0,5.0,31328294,11.961538461538462,0.34418242032610913
12116629,12116629,7.0,320.0,22,21.0,5.0,31328294,13.045454545454545,0.4857270179130824
12116825,12116825,7.0,320.0,19,21.0,5.0,31328294,13.31578947368421,1.2042808632793343
12117391,12117391,7.0,320.0,27,41.0,5.0,31328294,13.962962962962964,0.8979241650984822
12117567,12117567,7.0,320.0,27,41.0,5.0,31328294,14.074074074074074,0.47441672090180914
12121158,12121158,7.0,320.0,25,25.0,5.0,31328294,15.04,0.3511884584284245
12279781,12279781,7.0,320.0,28,25.0,5.0,31328294,14.928571428571429,0.46575875400384786
12279881,12279881,7.0,320.0,22,26.0,5.0,31328294,16.59090909090909,0.8540709744729825
8822844,8822844,7.0,265.0,21,19.0,5.0,31292451,11.285714285714286,0.7837638128197258
8823647,8823647,7.0,265.0,23,21.0,5.0,31292451,12.956521739130435,0.3665888047644883
8823689,8823689,7.0,265.0,32,41.0,5.0,31292451,14.09375,0.46554685152811653
8824144,8824144,13.0,265.0,17,17.0,5.0,31292451,9.117647058823529,0.600245047998781
8824537,8824537,7.0,315.0,26,25.0,5.0,31292451,15.23076923076923,0.7103628541917044
8825069,8825069,13.0,265.0,19,14.0,5.0,31292451,5.947368421052632,0.22941573387056174
8825356,8825356,7.0,265.0,31,20.0,5.0,31292451,12.35483870967742,0.7093841036079206
8826062,8826062,13.0,265.0,15,15.0,5.0,31292451,6.8,0.4140393356054128
8826080,8826080,13.0,265.0,18,16.0,5.0,31292451,7.944444444444445,0.2357022603955158
8826138,8826138,13.0,265.0,14,18.0,5.0,31292451,10.0,0.0
8827138,8827138,7.0,315.0,34,26.0,5.0,31292451,16.323529411764707,0.7269941534212876
8827159,8827159,7.0,315.0,20,27.0,5.0,31292451,17.15,0.5871429486123998
12279997,12279997,7.0,320.0,20,27.0,5.0,31328294,17.05,0.5104177855340405
12280545,12280545,7.0,320.0,24,26.0,5.0,31328294,16.0,0.5897678246195884
12281170,12281170,7.0,320.0,16,27.0,5.0,31328294,17.0625,0.25
12282305,12282305,13.0,270.0,16,15.0,5.0,31328294,7.0625,0.24999999999999994
13190867,13190867,13.0,265.0,16,17.0,5.0,31292451,9.0625,0.44253060157839175
13192261,13192261,13.0,265.0,14,18.0,5.0,31292451,10.214285714285714,0.42581531362632
13193392,13193392,7.0,265.0,20,19.0,5.0,31292451,11.25,0.716350399411379
13193550,13193550,7.0,315.0,21,25.0,5.0,31292451,15.0,0.447213595499958
13194408,13194408,7.0,265.0,24,21.0,5.0,31292451,13.333333333333334,0.8164965809277261
12165588,12165588,18.0,260.0,71,39.0,5.0,31326160,25.746478873239436,8.916627020602986
12165640,12165640,18.0,260.0,38,40.0,5.0,31326160,25.289473684210527,7.036230159015559
12359609,12359609,18.0,260.0,41,39.0,5.0,31326160,26.097560975609756,6.183869654386242
1741026,1741026,13.0,255.0,10,1.0,5.0,31205231,2.0,0.0
8839679,8839679,13.0,240.0,10,2.0,5.0,31203017,4.9,0.316227766016838
12057442,12057442,13.0,255.0,21,2.0,5.0,31202983,4.0,0.0
14228106,14228106,7.0,600.0,16,1.0,5.0,31203092,0.375,0.49999999999999994
12456103,12456103,7.0,255.0,23,2.0,5.0,31203076,4.826086956521739,0.3875533878815899
12342476,12342476,7.0,600.0,22,1.0,5.0,31362476,2.9545454545454546,0.21320071635561041
8826408,8826408,13.0,255.0,21,2.0,5.0,31205265,4.095238095238095,0.43643578047198484
13014851,13014851,7.0,600.0,18,1.0,5.0,31360325,2.7777777777777777,0.42779263194649864
1931800,1931800,13.0,255.0,12,2.0,5.0,31203068,4.0,0.0
13014154,13014154,7.0,600.0,17,1.0,5.0,31360325,1.9411764705882353,0.24253562503633297
12341537,12341537,7.0,600.0,18,1.0,5.0,31362476,2.0555555555555554,0.23570226039551587
9055670,9055670,7.0,255.0,16,2.0,5.0,31244279,5.0,0.0
13068795,13068795,7.0,600.0,20,1.0,5.0,31352055,2.85,0.36634754853252327
893262,893262,13.0,255.0,9,2.0,5.0,31205249,5.0,0.0
12504075,12504075,7.0,600.0,7,1.0,5.0,31360333,0.5714285714285714,0.5345224838248488
6197845,6197845,13.0,255.0,10,1.0,5.0,31205265,2.0,0.0
12345252,12345252,7.0,600.0,20,1.0,5.0,31348449,2.85,0.36634754853252327
11956475,11956475,13.0,255.0,21,2.0,5.0,31326054,3.857142857142857,0.35856858280031806
14218444,14218444,13.0,240.0,19,2.0,5.0,31203092,3.9473684210526314,0.22941573387056183
12460413,12460413,13.0,255.0,22,2.0,5.0,31203076,3.8636363636363638,0.3512500866571045
1743561,1743561,13.0,255.0,15,1.0,5.0,31205231,3.0,0.0
13022780,13022780,7.0,240.0,22,2.0,5.0,31288144,4.0,0.0
12130563,12130563,13.0,255.0,11,2.0,5.0,31261785,3.6363636363636362,0.5045249791095129
9055631,9055631,13.0,255.0,22,2.0,5.0,31244279,3.9545454545454546,0.21320071635561041
12344904,12344904,7.0,600.0,20,1.0,6.0,31348449,1.0,0.0
12139377,12139377,7.0,600.0,27,1.0,5.0,31288128,1.7777777777777777,0.42365927286816174
12345192,12345192,7.0,600.0,18,1.0,5.0,31348449,1.7777777777777777,0.4277926319464985
14218519,14218519,7.0,240.0,19,2.0,5.0,31203092,4.894736842105263,0.3153017676423058
9403339,9403339,7.0,600.0,16,1.0,5.0,31288110,1.0,0.0
1931797,1931797,13.0,255.0,13,2.0,5.0,31203068,3.8461538461538463,0.3755338080994054
12456208,12456208,13.0,255.0,19,2.0,5.0,31203076,3.8421052631578947,0.37463432463267754
9054789,9054789,7.0,255.0,18,2.0,5.0,31244279,3.9444444444444446,0.23570226039551584
12537968,12537968,13.0,255.0,19,2.0,5.0,31261009,3.9473684210526314,0.22941573387056174
13997573,13997573,13.0,240.0,10,1.0,5.0,31354848,2.9,0.316227766016838
12341553,12341553,7.0,600.0,19,1.0,5.0,31362476,1.8421052631578947,0.3746343246326776
6162655,6162655,13.0,255.0,12,1.0,5.0,31205265,1.25,0.45226701686664544
9257561,9257561,13.0,255.0,6,2.0,5.0,31242471,5.0,0.0
12341509,12341509,7.0,600.0,18,1.0,5.0,31362476,1.5555555555555556,2.3570226039551585
12061225,12061225,13.0,270.0,18,2.0,5.0,31328294,4.944444444444445,0.2357022603955158
12403775,12403775,13.0,255.0,14,1.0,5.0,31217751,2.857142857142857,0.36313651960128146
12457331,12457331,13.0,255.0,21,2.0,5.0,31203076,4.714285714285714,0.4629100498862757
12661583,12661583,7.0,600.0,9,1.0,5.0,31369047,1.0,0.0
12295643,12295643,13.0,255.0,21,2.0,5.0,31261009,3.761904761904762,0.4364357804719847
12078583,12078583,13.0,255.0,22,2.0,5.0,31202983,4.818181818181818,0.3947710169758615
11882108,11882108,13.0,240.0,16,2.0,5.0,31251933,3.9375,0.44253060157839175
11956059,11956059,7.0,255.0,19,2.0,5.0,31326054,3.736842105263158,0.452413928358864
14228125,14228125,7.0,240.0,11,1.0,5.0,31203092,2.909090909090909,0.30151134457776363
9055643,9055643,7.0,255.0,16,2.0,5.0,31244279,4.8125,0.40311288741492746
12427797,12427797,7.0,600.0,12,1.0,5.0,31295621,0.75,0.4522670168666455
14218525,14218525,7.0,240.0,18,2.0,5.0,31203092,4.944444444444445,0.23570226039551587
12659783,12659783,7.0,600.0,15,1.0,5.0,31369047,2.933333333333333,0.2581988897471612
11890706,11890706,7.0,600.0,15,1.0,5.0,31347949,1.0,0.0
13997554,13997554,13.0,270.0,5,1.0,5.0,31354848,1.8,0.4472135954999579
12060851,12060851,13.0,270.0,16,1.0,5.0,31328294,2.9375,0.25000000000000006
14218512,14218512,7.0,240.0,18,2.0,5.0,31203092,5.055555555555555,0.23570226039551587
12451011,12451011,7.0,600.0,20,1.0,5.0,31360333,3.0,0.0
12346165,12346165,7.0,600.0,23,1.0,5.0,31348449,3.347826086956522,2.1236481400940463
12457321,12457321,13.0,255.0,21,2.0,5.0,31203076,5.0,0.0
12078017,12078017,13.0,255.0,19,2.0,5.0,31202983,4.7894736842105265,0.4188539082916957
9254547,9254547,13.0,255.0,16,1.0,5.0,31242471,2.75,0.447213595499958
12341499,12341499,7.0,600.0,9,1.0,5.0,31362476,0.6666666666666666,0.5
6182965,6182965,13.0,255.0,12,1.0,5.0,31205265,2.25,0.45226701686664544
9399007,9399007,7.0,600.0,13,1.0,5.0,31288110,0.3076923076923077,0.48038446141526137
9404430,9404430,7.0,600.0,18,1.0,6.0,31288110,1.8888888888888888,0.32338083338177726
9055697,9055697,13.0,255.0,18,2.0,5.0,31244279,4.833333333333333,0.3834824944236852
13014701,13014701,7.0,600.0,15,1.0,5.0,31360325,0.9333333333333333,0.2581988897471611
12428022,12428022,7.0,600.0,14,1.0,5.0,31295621,1.0,0.0
12460584,12460584,13.0,255.0,23,2.0,5.0,31203076,4.0,0.0
11994194,11994194,7.0,600.0,18,1.0,5.0,31347922,2.8333333333333335,0.3834824944236852
13068756,13068756,7.0,600.0,16,1.0,5.0,31352055,1.875,0.3415650255319866
14226330,14226330,7.0,600.0,18,1.0,5.0,31203092,2.0,0.0
12061174,12061174,13.0,270.0,18,2.0,5.0,31328294,4.0,0.0
12131671,12131671,13.0,240.0,13,2.0,5.0,31316245,3.923076923076923,0.2773500981126145
12026033,12026033,13.0,255.0,19,2.0,5.0,31202983,3.8947368421052633,0.3153017676423058
11956946,11956946,7.0,255.0,23,2.0,5.0,31326054,4.826086956521739,0.3875533878815899
12539508,12539508,13.0,240.0,17,2.0,5.0,31310573,3.9411764705882355,0.24253562503633305
11918789,11918789,13.0,240.0,20,2.0,5.0,31261009,3.8,0.41039134083406176
11957358,11957358,13.0,240.0,6,2.0,5.0,31210609,4.0,0.0
13020261,13020261,13.0,240.0,18,1.0,5.0,31288144,2.8333333333333335,0.3834824944236852
12428099,12428099,7.0,600.0,25,1.0,5.0,31295621,3.04,0.2
9254506,9254506,13.0,255.0,10,1.0,5.0,31242471,1.0,0.0
12060910,12060910,13.0,270.0,16,2.0,5.0,31328294,3.875,0.34156502553198675
12821457,12821457,13.0,270.0,17,2.0,5.0,31205265,5.0,0.0
12404574,12404574,13.0,255.0,25,2.0,5.0,31217751,3.84,0.3741657386773941
98189,98189,13.0,255.0,18,2.0,5.0,31205265,4.0,0.3429971702850177
14226329,14226329,7.0,600.0,20,1.0,5.0,31203092,1.0,0.0
12341591,12341591,7.0,600.0,22,1.0,5.0,31362476,3.0,0.0
12131881,12131881,7.0,240.0,15,2.0,5.0,31316245,4.933333333333334,0.25819888974716115
9210274,9210274,13.0,270.0,18,2.0,5.0,31354848,3.9444444444444446,0.23570226039551592
12539391,12539391,13.0,240.0,12,1.0,5.0,31310573,2.9166666666666665,0.28867513459481287
12403833,12403833,13.0,255.0,22,2.0,5.0,31217751,3.8636363636363638,0.3512500866571044
12710527,12710527,13.0,255.0,24,2.0,5.0,31261009,5.0,0.0
12345210,12345210,7.0,600.0,23,1.0,5.0,31348449,2.9565217391304346,0.20851441405707483
12139239,12139239,7.0,600.0,10,1.0,5.0,31288128,0.6,0.5163977794943222
13014190,13014190,7.0,600.0,19,1.0,5.0,31360325,2.8947368421052633,0.3153017676423058
12342358,12342358,7.0,600.0,10,1.0,5.0,31362476,0.4,0.5163977794943222
13022756,13022756,7.0,600.0,22,1.0,5.0,31288144,1.9545454545454546,0.21320071635561041
12659710,12659710,7.0,600.0,7,1.0,5.0,31369047,0.5714285714285714,0.5345224838248488
1739346,1739346,13.0,255.0,16,2.0,5.0,31205231,4.0625,0.24999999999999994
11956867,11956867,13.0,255.0,23,2.0,5.0,31326054,4.913043478260869,0.28810406552003043
12539267,12539267,13.0,240.0,11,1.0,5.0,31310573,1.9090909090909092,0.30151134457776363
14219389,14219389,13.0,240.0,18,2.0,5.0,31203092,3.888888888888889,0.32338083338177726
13014866,13014866,7.0,600.0,22,1.0,5.0,31360325,2.909090909090909,0.2942449431682498
12668688,12668688,13.0,255.0,25,2.0,5.0,31261009,4.92,0.27688746209726917
11957839,11957839,13.0,255.0,26,2.0,5.0,31326054,4.846153846153846,0.36794648440312006
12539371,12539371,13.0,240.0,12,1.0,5.0,31310573,3.0,0.0
12460650,12460650,13.0,255.0,22,2.0,5.0,31203076,4.954545454545454,0.21320071635561047
12296186,12296186,13.0,255.0,25,2.0,5.0,31261009,4.92,0.27688746209726917
1741027,1741027,13.0,255.0,22,2.0,5.0,31205231,4.954545454545454,0.21320071635561041
12345394,12345394,7.0,600.0,22,1.0,5.0,31348449,2.8181818181818183,0.39477101697586137
12456175,12456175,13.0,255.0,21,2.0,5.0,31203076,3.9047619047619047,0.30079260375911915
12113642,12113642,13.0,255.0,18,2.0,5.0,31261009,3.888888888888889,0.3233808333817774
12060928,12060928,13.0,270.0,15,2.0,5.0,31328294,3.8666666666666667,0.35186577527449847
9257313,9257313,13.0,255.0,16,2.0,5.0,31242471,3.875,0.34156502553198675
11971636,11971636,13.0,255.0,19,2.0,5.0,31202983,3.9473684210526314,0.2294157338705618
11957454,11957454,13.0,240.0,4,2.0,5.0,31210609,5.0,0.0
12129914,12129914,13.0,255.0,15,1.0,5.0,31261785,2.7333333333333334,0.45773770821706333
11992807,11992807,7.0,600.0,12,1.0,5.0,31347922,1.0,0.0
12404542,12404542,13.0,255.0,17,2.0,5.0,31217751,3.8823529411764706,0.3321055820775359
13184133,13184133,13.0,255.0,21,2.0,5.0,31202983,4.619047619047619,3.0736979434581806
87637,87637,13.0,255.0,20,2.0,5.0,31205265,4.05,0.39403446282620624
12060938,12060938,13.0,270.0,18,2.0,5.0,31328294,5.055555555555555,0.8023657829651031
12133060,12133060,13.0,240.0,22,2.0,5.0,31316245,4.909090909090909,0.2942449431682498
12427891,12427891,7.0,600.0,14,1.0,5.0,31295621,2.0,0.0
11990008,11990008,13.0,255.0,21,2.0,5.0,31266965,4.9523809523809526,0.2182178902359924
12189480,12189480,13.0,255.0,3,1.0,5.0,31205249,3.0,0.0
11882204,11882204,13.0,240.0,16,2.0,5.0,31251933,4.8125,0.40311288741492746
14228127,14228127,13.0,240.0,17,1.0,5.0,31203092,2.9411764705882355,0.24253562503633294
11993200,11993200,13.0,255.0,20,2.0,5.0,31244279,4.95,0.223606797749979
5976267,5976267,13.0,255.0,18,1.0,5.0,31205265,2.9444444444444446,0.2357022603955158
12428071,12428071,7.0,600.0,15,1.0,5.0,31295621,1.9333333333333333,0.45773770821706344
12151169,12151169,7.0,270.0,12,21.0,5.0,31346314,13.083333333333334,0.2886751345948127
12061100,12061100,13.0,270.0,9,1.0,5.0,31328294,2.0,0.0
12151244,12151244,7.0,270.0,17,41.0,5.0,31346314,14.058823529411764,0.5557189302262115
12151412,12151412,7.0,320.0,20,25.0,5.0,31346314,15.65,0.9880869341680841
12151519,12151519,7.0,320.0,25,26.0,5.0,31346314,16.28,0.5416025603090642
12151635,12151635,7.0,320.0,44,27.0,5.0,31346314,17.25,0.6147413901342463
14219400,14219400,13.0,240.0,19,2.0,5.0,31203092,3.9473684210526314,0.22941573387056172
12850724,12850724,7.0,225.0,6,70.0,5.0,31338842,28.0,7.4565407529228995
12850725,12850725,13.0,195.0,3,71.0,5.0,31338842,26.333333333333332,6.658328118479393
12133199,12133199,13.0,240.0,19,2.0,5.0,31316245,4.7894736842105265,0.4188539082916956
12851962,12851962,7.0,225.0,5,70.0,5.0,31338842,26.8,8.105553651663778
12541154,12541154,13.0,240.0,18,2.0,5.0,31310573,4.888888888888889,0.32338083338177726
12077973,12077973,7.0,255.0,22,2.0,5.0,31202983,4.909090909090909,0.29424494316824984
12149995,12149995,7.0,270.0,7,20.0,5.0,31346314,12.0,0.0
12151038,12151038,7.0,270.0,10,19.0,5.0,31346314,11.1,0.5676462121975467
1933520,1933520,13.0,255.0,22,2.0,5.0,31203068,4.863636363636363,0.35125008665710444
11879899,11879899,7.0,240.0,17,2.0,5.0,31251933,3.823529411764706,0.39295262399668784
1741028,1741028,13.0,255.0,22,2.0,5.0,31205231,5.045454545454546,0.21320071635561041
13064338,13064338,7.0,600.0,15,1.0,5.0,31352055,1.0,0.0
12077990,12077990,13.0,255.0,22,2.0,5.0,31202983,5.0,0.0
14228107,14228107,7.0,600.0,18,1.0,5.0,31203092,0.9444444444444444,0.23570226039551584
12060861,12060861,13.0,270.0,17,1.0,5.0,31328294,2.9411764705882355,0.24253562503633294
13022743,13022743,7.0,600.0,17,1.0,5.0,31288144,1.0588235294117647,0.24253562503633297
98191,98191,13.0,255.0,16,2.0,5.0,31205265,5.0,0.0
12345168,12345168,7.0,600.0,20,1.0,5.0,31348449,1.95,0.22360679774997907
12131782,12131782,7.0,240.0,19,2.0,5.0,31316245,5.0,0.0
12344887,12344887,7.0,600.0,12,1.0,5.0,31348449,0.25,0.45226701686664544
6684541,6684541,7.0,300.0,39,21.0,5.0,31354848,13.076923076923077,0.4803844614152614
6685394,6685394,7.0,300.0,25,19.0,5.0,31354848,11.2,0.5000000000000001
6685470,6685470,7.0,255.0,41,41.0,5.0,31354848,13.951219512195122,0.38413666267326796
6688615,6688615,7.0,345.0,30,27.0,5.0,31354848,16.833333333333332,0.5920934999167602
6689056,6689056,7.0,300.0,26,20.0,5.0,31354848,12.038461538461538,0.3441824203261092
14228109,14228109,7.0,600.0,21,1.0,5.0,31203092,1.9523809523809523,0.21821789023599236
9056365,9056365,7.0,255.0,18,2.0,5.0,31244279,3.888888888888889,0.3233808333817774
12079161,12079161,13.0,255.0,21,2.0,5.0,31202983,4.9523809523809526,0.21821789023599236
6689202,6689202,7.0,345.0,45,26.0,5.0,31354848,16.022222222222222,0.33634998607300876
6689932,6689932,7.0,345.0,40,25.0,5.0,31354848,15.15,0.7355444521071728
9207990,9207990,13.0,270.0,20,18.0,5.0,31354848,10.0,0.5619514869490162
9208704,9208704,13.0,270.0,23,14.0,5.0,31354848,6.0,0.0
9208742,9208742,13.0,270.0,18,15.0,5.0,31354848,6.888888888888889,0.3233808333817773
9211096,9211096,13.0,270.0,20,16.0,5.0,31354848,8.0,0.3244428422615251
9211112,9211112,13.0,270.0,22,17.0,5.0,31354848,9.0,0.30860669992418377
12206593,12206593,13.0,270.0,18,18.0,5.0,31354848,10.11111111111111,0.4714045207910317
12207254,12207254,13.0,270.0,18,15.0,5.0,31354848,7.0,0.34299717028501764
12151049,12151049,7.0,240.0,15,2.0,5.0,31288144,4.866666666666666,0.35186577527449836
14226331,14226331,7.0,600.0,19,1.0,5.0,31203092,2.789473684210526,0.4188539082916955
